{"cameraMode":{"drawMode":0,"name":"Shaded","section":"Shading Mode"},"sceneLighting":true,"audioPlay":false,"sceneViewState":{"m_AlwaysRefresh":false,"showFog":true,"showSkybox":true,"showFlares":true,"showImageEffects":true,"showParticleSystems":true,"showVisualEffectGraphs":true,"m_FxEnabled":true},"in2DMode":false,"pivot":{"x":47.364315032958987,"y":1.90052330493927,"z":4.552853107452393},"rotation":{"x":-0.00021741668751928955,"y":-0.6787929534912109,"z":0.00022177667415235192,"w":-0.7343712449073792},"size":1.5339746475219727,"orthographic":false}